ideee,uri,origin,lc,alc,wp,gt
4532483625,http://farm5.staticflickr.com/4026/4532483625_a34beda95d.jpg,false,false,false,,
424190281,http://farm1.staticflickr.com/178/424190281_2c7b760c02.jpg,true,true,true,,
1057156867,http://farm2.staticflickr.com/1208/1057156867_7fff95a8ac.jpg,true,true,true,,
2397002456,http://farm3.staticflickr.com/2084/2397002456_6784c24a35.jpg,true,,,,
3987874234,http://farm4.staticflickr.com/3466/3987874234_b0769f991a.jpg,true,true,true,,
2857994833,http://farm4.staticflickr.com/3093/2857994833_7e660a2b66.jpg,true,true,true,,
5193717145,http://farm6.staticflickr.com/5282/5193717145_730efaef10.jpg,true,false,false,,
5995839849,http://farm7.staticflickr.com/6125/5995839849_6bdc8fc446.jpg,false,false,false,,
2538517317,http://farm4.staticflickr.com/3277/2538517317_cb495ce643.jpg,true,true,true,,
5062258097,http://farm5.staticflickr.com/4087/5062258097_520e922128.jpg,true,false,false,,
2842847609,http://farm4.staticflickr.com/3134/2842847609_e1d089d307.jpg,true,false,false,,
3349568429,http://farm4.staticflickr.com/3637/3349568429_2c86a8f5e9.jpg,true,true,true,,
5933348269,http://farm7.staticflickr.com/6121/5933348269_64b8429fd2.jpg,false,false,false,,
4510701782,http://farm3.staticflickr.com/2293/4510701782_3a5d650536.jpg,true,false,false,,
3324066349,http://farm4.staticflickr.com/3629/3324066349_61f3b7f12f.jpg,false,false,false,,
4629850107,http://farm5.staticflickr.com/4015/4629850107_c8fa3f179e.jpg,true,false,false,,
2164564245,http://farm3.staticflickr.com/2087/2164564245_298c7a7481.jpg,false,false,false,,
5452433646,http://farm6.staticflickr.com/5218/5452433646_5aec161ca5.jpg,true,false,false,,
6296562526,http://farm7.staticflickr.com/6048/6296562526_9f00f354e3.jpg,false,false,false,,
1469800334,http://farm2.staticflickr.com/1085/1469800334_5b70114770.jpg,true,false,false,,
5281824454,http://farm6.staticflickr.com/5161/5281824454_f24c371226.jpg,false,false,false,,
3586017704,http://farm4.staticflickr.com/3316/3586017704_2233ecec02.jpg,false,false,false,,
206741573,http://farm1.staticflickr.com/77/206741573_6b3477d1b1.jpg,true,false,false,,
5827950406,http://farm3.staticflickr.com/2701/5827950406_be4e954cf9.jpg,true,false,false,,
2396021452,http://farm4.staticflickr.com/3046/2396021452_f10ef37b17.jpg,true,false,false,,
4634957918,http://farm5.staticflickr.com/4047/4634957918_901d9dc818.jpg,true,false,false,,
3326321247,http://farm4.staticflickr.com/3397/3326321247_936dfae1b6.jpg,true,true,true,,
5464990113,http://farm6.staticflickr.com/5252/5464990113_9a8de49ee9.jpg,true,false,false,,
6440773575,http://farm8.staticflickr.com/7161/6440773575_c0c364dab1.jpg,true,false,false,,
3046834616,http://farm4.staticflickr.com/3244/3046834616_f8c02e086e.jpg,true,false,false,,
5927286127,http://farm7.staticflickr.com/6025/5927286127_79d8a8459f.jpg,false,false,false,,
5033151448,http://farm5.staticflickr.com/4112/5033151448_9787b775a7.jpg,true,true,true,,
3445210494,http://farm4.staticflickr.com/3622/3445210494_0cd64aca2a.jpg,false,false,false,,
6122131649,http://farm7.staticflickr.com/6194/6122131649_c174ec0764.jpg,true,false,false,,
5619174085,http://farm6.staticflickr.com/5226/5619174085_8ee9a1cec4.jpg,false,false,false,,
6128179567,http://farm7.staticflickr.com/6071/6128179567_4776732ea0.jpg,false,false,false,,
3674739493,http://farm3.staticflickr.com/2468/3674739493_90ba5b1a87.jpg,true,false,false,,
6945445335,http://farm8.staticflickr.com/7205/6945445335_73d85ca101.jpg,true,true,true,,
3393322606,http://farm4.staticflickr.com/3641/3393322606_c0e1619d7e.jpg,true,,,,
3052315073,http://farm4.staticflickr.com/3224/3052315073_17a9bd1fcb.jpg,true,false,false,,
4897570778,http://farm5.staticflickr.com/4094/4897570778_540cbe5991.jpg,true,false,false,,
6099241915,http://farm7.staticflickr.com/6206/6099241915_ba91a88c5d.jpg,false,false,false,,
4276379344,http://farm5.staticflickr.com/4020/4276379344_60a28e51ab.jpg,true,false,false,,
6862498109,http://farm8.staticflickr.com/7065/6862498109_59715a08d6.jpg,true,false,false,,
3683585978,http://farm3.staticflickr.com/2501/3683585978_68ac08f1a0.jpg,false,false,false,,
4511840474,http://farm3.staticflickr.com/2373/4511840474_d5397e841f.jpg,false,false,false,,
620458189,http://farm2.staticflickr.com/1305/620458189_ba5e21f622.jpg,false,false,false,,
2424003660,http://farm3.staticflickr.com/2298/2424003660_ac174a4599.jpg,true,false,false,,
2533302983,http://farm4.staticflickr.com/3156/2533302983_eaa9b4823d.jpg,false,false,false,,
3815474001,http://farm4.staticflickr.com/3576/3815474001_e19188bc2e.jpg,true,false,false,,
6199273914,http://farm7.staticflickr.com/6155/6199273914_586f0d7c79.jpg,false,false,false,,
6970267471,http://farm8.staticflickr.com/7056/6970267471_be37195ebe.jpg,false,false,false,,
5836580829,http://farm3.staticflickr.com/2652/5836580829_b6e8af7fa8.jpg,true,true,true,,
539297818,http://farm2.staticflickr.com/1258/539297818_8cb283b025.jpg,false,false,false,,
65442726,http://farm1.staticflickr.com/35/65442726_b8fc6b9068.jpg,true,true,true,,
1461783395,http://farm2.staticflickr.com/1167/1461783395_c6bb9a5626.jpg,true,,,,
2941109006,http://farm4.staticflickr.com/3012/2941109006_8e0ebc5cef.jpg,false,false,false,,
6718985279,http://farm8.staticflickr.com/7172/6718985279_b56f1363cc.jpg,true,true,true,,
64589724,http://farm1.staticflickr.com/28/64589724_734979fcae.jpg,false,false,false,,
5635412898,http://farm6.staticflickr.com/5108/5635412898_9a4a27843c.jpg,true,false,false,,
4469199403,http://farm3.staticflickr.com/2766/4469199403_1d74f959dc.jpg,true,true,true,,
3179929025,http://farm4.staticflickr.com/3423/3179929025_5201387ec3.jpg,false,false,false,,
3357166675,http://farm4.staticflickr.com/3570/3357166675_a32200d2c8.jpg,true,true,true,,
6406928811,http://farm7.staticflickr.com/6047/6406928811_e834166f73.jpg,true,false,false,,
1553052890,http://farm3.staticflickr.com/2074/1553052890_42504fd54c.jpg,true,,,,
538191967,http://farm2.staticflickr.com/1435/538191967_b8477af97e.jpg,true,false,false,,
3639796926,http://farm4.staticflickr.com/3663/3639796926_ce872f4442.jpg,false,false,false,,
5064233366,http://farm5.staticflickr.com/4089/5064233366_d0907d00af.jpg,true,false,false,,
5683863175,http://farm6.staticflickr.com/5189/5683863175_93a536bdc5.jpg,true,false,false,,
3172076893,http://farm4.staticflickr.com/3113/3172076893_601b421181.jpg,true,true,true,,
4775648503,http://farm5.staticflickr.com/4140/4775648503_634e252a55.jpg,false,false,false,,
5356306199,http://farm6.staticflickr.com/5090/5356306199_cd1840ece3.jpg,false,false,false,,
6732279057,http://farm8.staticflickr.com/7158/6732279057_550340b91e.jpg,true,false,false,,
6629727103,http://farm8.staticflickr.com/7157/6629727103_cfc1eef756.jpg,false,false,false,,
3222392905,http://farm4.staticflickr.com/3386/3222392905_09b7bd40b9.jpg,false,false,false,,
2662505192,http://farm4.staticflickr.com/3008/2662505192_c3761ca737.jpg,false,false,false,,
5360720860,http://farm6.staticflickr.com/5125/5360720860_070a32f26b.jpg,true,true,true,,
5177459909,http://farm2.staticflickr.com/1306/5177459909_6790b80d54.jpg,false,false,false,,
5506848868,http://farm6.staticflickr.com/5053/5506848868_269ef9b61e.jpg,true,true,true,,
5888428709,http://farm6.staticflickr.com/5038/5888428709_1384e06aa9.jpg,false,false,false,,
5234062247,http://farm6.staticflickr.com/5087/5234062247_eff9ecc8ce.jpg,true,false,false,,
224868615,http://farm1.staticflickr.com/83/224868615_4a9c4bc1b1.jpg,true,false,false,,
6717886473,http://farm8.staticflickr.com/7154/6717886473_eed000954d.jpg,true,false,false,,
214729902,http://farm1.staticflickr.com/65/214729902_9033964c79.jpg,false,false,false,,
5997660442,http://farm7.staticflickr.com/6150/5997660442_18e286866e.jpg,true,true,true,,
6824267429,http://farm8.staticflickr.com/7149/6824267429_5d2ae301b1.jpg,false,false,false,,
6241533024,http://farm7.staticflickr.com/6097/6241533024_b0ac172214.jpg,true,true,true,,
6100011007,http://farm7.staticflickr.com/6189/6100011007_f3ee7522e1.jpg,true,false,false,,
2891155512,http://farm4.staticflickr.com/3258/2891155512_ab77e302c2.jpg,false,false,false,,
2178847155,http://farm3.staticflickr.com/2207/2178847155_d0cc0a03fa.jpg,true,false,false,,
5599128023,http://farm6.staticflickr.com/5107/5599128023_431490231a.jpg,false,false,false,,
6534312215,http://farm8.staticflickr.com/7011/6534312215_106927a5eb.jpg,true,false,false,,
6242392189,http://farm7.staticflickr.com/6034/6242392189_f29609b29d.jpg,false,false,false,,
6692279957,http://farm8.staticflickr.com/7156/6692279957_17284920b1.jpg,true,false,false,,
5566657471,http://farm6.staticflickr.com/5264/5566657471_d54ee65ef4.jpg,true,false,false,,
520636272,http://farm1.staticflickr.com/225/520636272_071b015736.jpg,false,false,false,,
4570900495,http://farm4.staticflickr.com/3440/4570900495_d57e2daef9.jpg,false,false,false,,
280670404,http://farm1.staticflickr.com/89/280670404_a9e60d55e5.jpg,true,false,false,,
4182540594,http://farm3.staticflickr.com/2743/4182540594_9f64fa3ac6.jpg,true,false,false,,
4830414741,http://farm5.staticflickr.com/4117/4830414741_e96f397d04.jpg,false,false,false,,
6292068234,http://farm7.staticflickr.com/6237/6292068234_61629475f3.jpg,false,false,false,,
6321263683,http://farm7.staticflickr.com/6032/6321263683_730eb9aeb2.jpg,true,true,true,,
6269714739,http://farm7.staticflickr.com/6165/6269714739_74f971ac8a.jpg,false,false,false,,
5635494767,http://farm6.staticflickr.com/5188/5635494767_14ef3ff104.jpg,true,false,false,,
5533438296,http://farm6.staticflickr.com/5095/5533438296_3db05e478a.jpg,true,false,false,,
2205516797,http://farm3.staticflickr.com/2345/2205516797_d5b3381acb.jpg,true,false,false,,
6469967147,http://farm8.staticflickr.com/7025/6469967147_b7de2412c2.jpg,true,true,true,,
3991972217,http://farm3.staticflickr.com/2599/3991972217_d4fb02299e.jpg,false,false,false,,
5704474760,http://farm6.staticflickr.com/5306/5704474760_43ab07335c.jpg,false,false,false,,
5465787716,http://farm6.staticflickr.com/5094/5465787716_698155d803.jpg,true,false,false,,
2551100547,http://farm4.staticflickr.com/3136/2551100547_0bee002116.jpg,true,false,false,,
2987759259,http://farm4.staticflickr.com/3047/2987759259_e68e5a24cf.jpg,true,true,true,,
2600271470,http://farm4.staticflickr.com/3133/2600271470_a611bce06e.jpg,true,false,false,,
4609310255,http://farm2.staticflickr.com/1109/4609310255_2238547180.jpg,true,false,false,,
199526257,http://farm1.staticflickr.com/50/199526257_63d18799c2.jpg,false,false,false,,
4304373784,http://farm3.staticflickr.com/2774/4304373784_04b4af37a8.jpg,true,false,false,,
3534837287,http://farm3.staticflickr.com/2277/3534837287_6973ebb38f.jpg,false,false,false,,
2579024175,http://farm4.staticflickr.com/3146/2579024175_3ebc2be40d.jpg,false,false,false,,
3472672352,http://farm4.staticflickr.com/3554/3472672352_b517bdb28c.jpg,false,false,false,,
4394394994,http://farm5.staticflickr.com/4033/4394394994_5d27c5fe5d.jpg,false,false,false,,
6003662201,http://farm7.staticflickr.com/6124/6003662201_d47d9ec41c.jpg,true,false,false,,
6153356900,http://farm7.staticflickr.com/6156/6153356900_9635866898.jpg,true,true,true,,
1014473940,http://farm2.staticflickr.com/1222/1014473940_b3c4b25ef7.jpg,true,false,false,,
2820176061,http://farm4.staticflickr.com/3179/2820176061_d4da121323.jpg,true,true,true,,
6226799489,http://farm7.staticflickr.com/6216/6226799489_bb75a9a3ca.jpg,false,false,false,,
6141677237,http://farm7.staticflickr.com/6152/6141677237_89a9e93b2d.jpg,true,true,true,,
2981121304,http://farm4.staticflickr.com/3071/2981121304_04229435bb.jpg,true,true,true,,
5947277013,http://farm7.staticflickr.com/6021/5947277013_01c8992ab6.jpg,false,false,false,,
5535211844,http://farm6.staticflickr.com/5294/5535211844_eeb6710b5e.jpg,true,,,,
216869958,http://farm1.staticflickr.com/69/216869958_e217882a4c.jpg,false,false,false,,
6867922417,http://farm8.staticflickr.com/7191/6867922417_58881e9d42.jpg,true,false,false,,
240169698,http://farm1.staticflickr.com/82/240169698_5234389f56.jpg,true,true,true,,
6939152681,http://farm8.staticflickr.com/7183/6939152681_1d9c5f1a14.jpg,true,true,true,,
6165754675,http://farm7.staticflickr.com/6158/6165754675_c9e0055e8f.jpg,false,false,false,,
6897713047,http://farm8.staticflickr.com/7065/6897713047_b720708353.jpg,false,false,false,,
3378431467,http://farm4.staticflickr.com/3616/3378431467_2b0ec66d56.jpg,true,false,false,,
193532732,http://farm1.staticflickr.com/60/193532732_94aef7a404.jpg,false,false,false,,
5561131983,http://farm6.staticflickr.com/5255/5561131983_6f46a7665b.jpg,true,false,false,,
6016011810,http://farm7.staticflickr.com/6122/6016011810_cb9f4ea3fb.jpg,true,false,false,,
6138874205,http://farm7.staticflickr.com/6090/6138874205_f7e98c0856.jpg,false,false,false,,
3863858929,http://farm3.staticflickr.com/2549/3863858929_3c63a0f2c2.jpg,false,false,false,,
3935033911,http://farm3.staticflickr.com/2484/3935033911_a7d63148d2.jpg,false,false,false,,
5709975786,http://farm4.staticflickr.com/3369/5709975786_17fcec1058.jpg,false,false,false,,
3582382395,http://farm4.staticflickr.com/3332/3582382395_cf911834eb.jpg,false,false,false,,
6090137535,http://farm7.staticflickr.com/6064/6090137535_2b066d36ce.jpg,true,false,false,,
4629480270,http://farm5.staticflickr.com/4043/4629480270_3163c14734.jpg,true,false,false,,
5063681296,http://farm5.staticflickr.com/4154/5063681296_57b646108a.jpg,true,false,false,,
2616672052,http://farm4.staticflickr.com/3067/2616672052_c19e8fe076.jpg,true,false,false,,
2996945506,http://farm4.staticflickr.com/3241/2996945506_d56ef58efa.jpg,false,false,false,,
2776645959,http://farm4.staticflickr.com/3274/2776645959_361c843b76.jpg,true,false,false,,
3827201235,http://farm3.staticflickr.com/2610/3827201235_901f481810.jpg,true,false,false,,
4918138347,http://farm5.staticflickr.com/4137/4918138347_fcfd99ea74.jpg,true,false,false,,
504451806,http://farm1.staticflickr.com/208/504451806_3ac0e024a7.jpg,true,false,false,,
475250844,http://farm1.staticflickr.com/182/475250844_249a81dd0a.jpg,false,false,false,,
3508883957,http://farm4.staticflickr.com/3601/3508883957_f930ecc697.jpg,true,false,false,,
5959408613,http://farm7.staticflickr.com/6014/5959408613_1c590b8b34.jpg,true,true,true,,
5336663751,http://farm6.staticflickr.com/5281/5336663751_d4662aaf3c.jpg,false,false,false,,
3480955817,http://farm4.staticflickr.com/3301/3480955817_d75b5bda47.jpg,true,true,true,,
6588920937,http://farm8.staticflickr.com/7016/6588920937_d4258d473a.jpg,true,false,false,,
529850182,http://farm2.staticflickr.com/1184/529850182_289781ddc8.jpg,false,false,false,,
535969569,http://farm1.staticflickr.com/220/535969569_5270e15a36.jpg,false,false,false,,
3742670784,http://farm3.staticflickr.com/2651/3742670784_ea0b7281d3.jpg,true,false,false,,
6684273343,http://farm8.staticflickr.com/7023/6684273343_7984cc8483.jpg,true,false,false,,
2625240225,http://farm4.staticflickr.com/3065/2625240225_4a166ce2c2.jpg,true,false,false,,
4738160307,http://farm5.staticflickr.com/4094/4738160307_8696b1955d.jpg,false,false,false,,
5360675678,http://farm6.staticflickr.com/5009/5360675678_8327901e75.jpg,true,true,true,,
5273553546,http://farm6.staticflickr.com/5203/5273553546_9a2a38d114.jpg,false,false,false,,
6411974351,http://farm8.staticflickr.com/7025/6411974351_0d2cef2baf.jpg,false,false,false,,
4530095841,http://farm5.staticflickr.com/4033/4530095841_450e1645d0.jpg,true,false,false,,
5319719409,http://farm6.staticflickr.com/5123/5319719409_d679ae6f91.jpg,true,false,false,,
3275055057,http://farm4.staticflickr.com/3347/3275055057_0ca04c4f94.jpg,false,false,false,,
4913079346,http://farm5.staticflickr.com/4101/4913079346_6206d8eb69.jpg,false,false,false,,
109511266,http://farm1.staticflickr.com/35/109511266_06fb5ef4f9.jpg,true,false,false,,
4642412625,http://farm5.staticflickr.com/4044/4642412625_1cbc13e053.jpg,true,false,false,,
5083342361,http://farm5.staticflickr.com/4128/5083342361_9331edcf23.jpg,false,false,false,,
4507969627,http://farm5.staticflickr.com/4003/4507969627_95c3d3171e.jpg,false,false,false,,
6088761859,http://farm7.staticflickr.com/6210/6088761859_ba092cd1aa.jpg,false,false,false,,
3550510923,http://farm4.staticflickr.com/3573/3550510923_1569d79d4a.jpg,true,false,false,,
6011653821,http://farm7.staticflickr.com/6136/6011653821_53aa95a186.jpg,true,false,false,,
2759031964,http://farm4.staticflickr.com/3001/2759031964_65f07eeca9.jpg,false,false,false,,
3090011330,http://farm4.staticflickr.com/3135/3090011330_3ac90b146f.jpg,false,false,false,,
349575206,http://farm1.staticflickr.com/161/349575206_37b05ea46b.jpg,true,true,true,,
538476776,http://farm2.staticflickr.com/1154/538476776_3c0d07f732.jpg,true,false,false,,
5772800229,http://farm3.staticflickr.com/2135/5772800229_2e16f4cd3b.jpg,false,false,false,,
1458635269,http://farm2.staticflickr.com/1104/1458635269_968b3654eb.jpg,true,true,true,,
6132340081,http://farm7.staticflickr.com/6086/6132340081_e32ce44245.jpg,false,false,false,,
280811593,http://farm1.staticflickr.com/114/280811593_15fa3216a0.jpg,true,false,false,,
4841932908,http://farm5.staticflickr.com/4146/4841932908_9bf4875966.jpg,true,true,true,,
5590441011,http://farm6.staticflickr.com/5138/5590441011_ab3d858d7d.jpg,true,true,true,,
6847284518,http://farm8.staticflickr.com/7181/6847284518_9e575559fb.jpg,true,false,false,,
2244798660,http://farm3.staticflickr.com/2122/2244798660_62a93bb7f7.jpg,false,false,false,,
2573138007,http://farm4.staticflickr.com/3276/2573138007_65a7004f95.jpg,true,false,false,,
5533361368,http://farm6.staticflickr.com/5219/5533361368_d6ca07fd6c.jpg,false,false,false,,
6163892847,http://farm7.staticflickr.com/6165/6163892847_02d2209447.jpg,true,false,false,,
6190286325,http://farm7.staticflickr.com/6023/6190286325_3f1d1a1122.jpg,true,true,true,,
2914767019,http://farm4.staticflickr.com/3104/2914767019_dabc9b2160.jpg,false,false,false,,
5352192531,http://farm6.staticflickr.com/5001/5352192531_656c43f8cc.jpg,false,false,false,,
6141708033,http://farm7.staticflickr.com/6062/6141708033_277d38dcc1.jpg,false,false,false,,
5306000727,http://farm6.staticflickr.com/5286/5306000727_3842910191.jpg,false,false,false,,
4134505336,http://farm3.staticflickr.com/2708/4134505336_d4b3ea4ed0.jpg,true,false,false,,
259574368,http://farm1.staticflickr.com/100/259574368_721eef18fd.jpg,true,true,true,,
4385604734,http://farm3.staticflickr.com/2694/4385604734_6c83ef4333.jpg,false,false,false,,
2874176073,http://farm4.staticflickr.com/3175/2874176073_20cab1e8b5.jpg,true,true,true,,
5934706852,http://farm7.staticflickr.com/6136/5934706852_ec960c0ec8.jpg,true,false,false,,
5511730587,http://farm6.staticflickr.com/5259/5511730587_0ea787c0a8.jpg,false,false,false,,
5601063110,http://farm6.staticflickr.com/5222/5601063110_b2335704e8.jpg,true,false,false,,
5610579828,http://farm6.staticflickr.com/5023/5610579828_aaba72e127.jpg,true,false,false,,
260607657,http://farm1.staticflickr.com/111/260607657_1ab4bb2885.jpg,true,false,false,,
3518971037,http://farm4.staticflickr.com/3073/3518971037_3102c24ebf.jpg,true,false,false,,
4824473261,http://farm5.staticflickr.com/4076/4824473261_c4040d27ed.jpg,true,false,false,,
4402219841,http://farm3.staticflickr.com/2700/4402219841_58a711f3d5.jpg,false,false,false,,
6023527971,http://farm7.staticflickr.com/6199/6023527971_1127ffbe0d.jpg,false,false,false,,
6822937483,http://farm8.staticflickr.com/7159/6822937483_87dcbae91b.jpg,true,false,false,,
5888376785,http://farm6.staticflickr.com/5316/5888376785_c6a4950dc6.jpg,true,false,false,,
5399368955,http://farm6.staticflickr.com/5057/5399368955_358e12524d.jpg,false,false,false,,
4589580450,http://farm5.staticflickr.com/4043/4589580450_fd3d988271.jpg,true,false,false,,
7004166231,http://farm8.staticflickr.com/7274/7004166231_c6342cc388.jpg,false,false,false,,
5961506427,http://farm7.staticflickr.com/6127/5961506427_5d432e0d6b.jpg,true,true,true,,
5065774303,http://farm5.staticflickr.com/4084/5065774303_34ff98eeb5.jpg,false,false,false,,
4083831386,http://farm3.staticflickr.com/2734/4083831386_eaa6ee1cee.jpg,false,false,false,,
6906076817,http://farm8.staticflickr.com/7187/6906076817_9901b3c0b8.jpg,true,true,true,,
3971720590,http://farm4.staticflickr.com/3476/3971720590_6a11013c52.jpg,false,false,false,,
5769283287,http://farm6.staticflickr.com/5185/5769283287_58da7bfb37.jpg,true,false,false,,
6965631509,http://farm8.staticflickr.com/7052/6965631509_f68d6bd0ee.jpg,true,false,false,,
6603575463,http://farm8.staticflickr.com/7154/6603575463_0e1850a6aa.jpg,false,false,false,,
5634830051,http://farm6.staticflickr.com/5262/5634830051_ef0cae2cbb.jpg,true,true,true,,
3837550979,http://farm4.staticflickr.com/3497/3837550979_0b1f56dfde.jpg,true,true,true,,
4649992296,http://farm5.staticflickr.com/4065/4649992296_e24b9fffb0.jpg,false,false,false,,
3950845500,http://farm4.staticflickr.com/3453/3950845500_5bb52baac9.jpg,true,false,false,,
5718751645,http://farm4.staticflickr.com/3037/5718751645_c28b7671fe.jpg,false,false,false,,
2407663299,http://farm3.staticflickr.com/2131/2407663299_9282ea71e0.jpg,false,false,false,,
425974823,http://farm1.staticflickr.com/146/425974823_545736e3cb.jpg,false,false,false,,
6706930311,http://farm8.staticflickr.com/7149/6706930311_6f884db78a.jpg,true,false,false,,
5586939976,http://farm6.staticflickr.com/5269/5586939976_88bbf6713c.jpg,true,true,true,,
3824328378,http://farm3.staticflickr.com/2639/3824328378_e6cd0a710c.jpg,false,false,false,,
6159059541,http://farm7.staticflickr.com/6165/6159059541_598444a851.jpg,false,false,false,,
4945965980,http://farm5.staticflickr.com/4153/4945965980_51b21050af.jpg,false,false,false,,
5461047505,http://farm6.staticflickr.com/5092/5461047505_44ba2386ee.jpg,false,false,false,,
2816068232,http://farm4.staticflickr.com/3080/2816068232_8b133a0b76.jpg,false,false,false,,
6915595619,http://farm8.staticflickr.com/7070/6915595619_1eaac806f6.jpg,false,false,false,,
6196225024,http://farm7.staticflickr.com/6161/6196225024_8c66fc35a3.jpg,true,false,false,,
6199822557,http://farm7.staticflickr.com/6164/6199822557_e390fa3351.jpg,true,false,false,,
4016455219,http://farm4.staticflickr.com/3536/4016455219_7784100765.jpg,false,false,false,,
6717229367,http://farm8.staticflickr.com/7002/6717229367_dafc4b7c21.jpg,true,false,false,,
4808886263,http://farm5.staticflickr.com/4097/4808886263_336e8f4d48.jpg,false,false,false,,
18167884,http://farm1.staticflickr.com/14/18167884_9146eac256.jpg,false,false,false,,
6860758453,http://farm8.staticflickr.com/7190/6860758453_68547dee27.jpg,true,true,true,,
4752801301,http://farm5.staticflickr.com/4142/4752801301_3925e40b84.jpg,true,,,,
4735985431,http://farm5.staticflickr.com/4100/4735985431_bdeb1658bd.jpg,true,false,false,,
5790338175,http://farm4.staticflickr.com/3541/5790338175_16530fb86b.jpg,false,false,false,,
280689119,http://farm1.staticflickr.com/94/280689119_3dc977c29a.jpg,true,true,true,,
4341860258,http://farm5.staticflickr.com/4057/4341860258_9b4d92da79.jpg,true,true,true,,
4721841176,http://farm2.staticflickr.com/1366/4721841176_4db6902207.jpg,false,false,false,,
3148784326,http://farm4.staticflickr.com/3209/3148784326_68797ee78e.jpg,false,false,false,,
4300106022,http://farm3.staticflickr.com/2776/4300106022_5e95e47d1a.jpg,false,false,false,,
6791418276,http://farm8.staticflickr.com/7052/6791418276_63163637ba.jpg,false,false,false,,
413892032,http://farm1.staticflickr.com/166/413892032_a203a8bdc2.jpg,false,false,false,,
2492088806,http://farm4.staticflickr.com/3131/2492088806_e585d42bfe.jpg,true,false,false,,
6089004928,http://farm7.staticflickr.com/6077/6089004928_3ae6968a62.jpg,false,false,false,,
4156280522,http://farm3.staticflickr.com/2758/4156280522_a33a2183d7.jpg,false,false,false,,
1988720632,http://farm3.staticflickr.com/2346/1988720632_112a7c1b25.jpg,false,false,false,,
512686076,http://farm1.staticflickr.com/218/512686076_e26510279f.jpg,true,true,true,,
6360345193,http://farm7.staticflickr.com/6059/6360345193_8219091f39.jpg,false,false,false,,
4905505041,http://farm5.staticflickr.com/4074/4905505041_1a023453fe.jpg,true,true,true,,
6516933893,http://farm8.staticflickr.com/7030/6516933893_c815ddea09.jpg,false,false,false,,
5614357457,http://farm6.staticflickr.com/5224/5614357457_de827f7233.jpg,false,false,false,,
6231063058,http://farm7.staticflickr.com/6106/6231063058_5f4cf36481.jpg,true,false,false,,
6716537121,http://farm8.staticflickr.com/7028/6716537121_85d243f921.jpg,true,true,true,,
2847786186,http://farm4.staticflickr.com/3228/2847786186_dd7fd912ef.jpg,false,false,false,,
5936506031,http://farm7.staticflickr.com/6014/5936506031_3f5b09fe20.jpg,true,false,false,,
5777671448,http://farm3.staticflickr.com/2241/5777671448_fe9d4c3a6d.jpg,false,false,false,,
6858238387,http://farm8.staticflickr.com/7043/6858238387_936057bf5c.jpg,false,false,false,,
402509440,http://farm1.staticflickr.com/164/402509440_f9e58b9a2c.jpg,false,false,false,,
5379307998,http://farm6.staticflickr.com/5083/5379307998_dd6b930863.jpg,false,false,false,,
2232813673,http://farm3.staticflickr.com/2161/2232813673_311904bf09.jpg,true,false,false,,
1342175869,http://farm2.staticflickr.com/1212/1342175869_131660682a.jpg,true,false,false,,
5242019319,http://farm6.staticflickr.com/5008/5242019319_49db5215c6.jpg,false,false,false,,
5925766320,http://farm7.staticflickr.com/6009/5925766320_92b7a8cc6e.jpg,false,false,false,,
6567130857,http://farm8.staticflickr.com/7029/6567130857_daff2f5496.jpg,false,false,false,,
6306815596,http://farm7.staticflickr.com/6104/6306815596_8758da9413.jpg,true,false,false,,
3480135399,http://farm4.staticflickr.com/3550/3480135399_3299390864.jpg,true,true,true,,
4695742056,http://farm5.staticflickr.com/4012/4695742056_f09eca8dee.jpg,true,true,true,,
5513550120,http://farm6.staticflickr.com/5251/5513550120_d54a04f0f7.jpg,true,false,false,,
2314941552,http://farm3.staticflickr.com/2059/2314941552_a2e5935cb1.jpg,true,false,false,,
7007307809,http://farm8.staticflickr.com/7127/7007307809_a385243256.jpg,false,false,false,,
2777361415,http://farm4.staticflickr.com/3178/2777361415_e662902642.jpg,true,false,false,,
5817859913,http://farm4.staticflickr.com/3298/5817859913_a039b1f5f0.jpg,false,false,false,,
3417328190,http://farm4.staticflickr.com/3623/3417328190_1ef3ec938a.jpg,true,false,false,,
6081713133,http://farm7.staticflickr.com/6084/6081713133_2c07eb248b.jpg,true,false,false,,
1463594664,http://farm2.staticflickr.com/1312/1463594664_dfc2437183.jpg,true,true,true,,
6667777275,http://farm8.staticflickr.com/7152/6667777275_ebf53d2079.jpg,false,false,false,,
5560466169,http://farm6.staticflickr.com/5184/5560466169_dccdfec67f.jpg,true,true,true,,
4401673163,http://farm3.staticflickr.com/2782/4401673163_27f6a1f030.jpg,true,true,true,,
2628718903,http://farm4.staticflickr.com/3015/2628718903_72204f32f9.jpg,true,,,,
5114761540,http://farm2.staticflickr.com/1135/5114761540_61ac555984.jpg,true,true,true,,
3411954375,http://farm4.staticflickr.com/3541/3411954375_77f48505c5.jpg,true,true,true,,
2742194920,http://farm4.staticflickr.com/3031/2742194920_f434d4fbfc.jpg,true,true,true,,
6528911549,http://farm8.staticflickr.com/7150/6528911549_e414bd0f5e.jpg,true,false,false,,
6275060632,http://farm7.staticflickr.com/6229/6275060632_75bf1f013b.jpg,true,true,true,,
258148094,http://farm1.staticflickr.com/82/258148094_72b4d75367.jpg,false,false,false,,
2089039131,http://farm3.staticflickr.com/2224/2089039131_dac30f6102.jpg,true,false,false,,
562014432,http://farm2.staticflickr.com/1050/562014432_aa24a524a3.jpg,false,false,false,,
6311811479,http://farm7.staticflickr.com/6222/6311811479_8bf3ba4bc2.jpg,true,false,false,,
2883605058,http://farm4.staticflickr.com/3256/2883605058_6ab316fa88.jpg,true,false,false,,
2402872976,http://farm3.staticflickr.com/2337/2402872976_6c9d68eb18.jpg,true,true,true,,
6393694385,http://farm8.staticflickr.com/7150/6393694385_e2b6f3dee3.jpg,true,false,false,,
4155293190,http://farm3.staticflickr.com/2712/4155293190_67889f4fe2.jpg,true,false,false,,
5171695083,http://farm5.staticflickr.com/4131/5171695083_a0b5d41b1f.jpg,true,true,true,,
6142766990,http://farm7.staticflickr.com/6063/6142766990_6dca61b6c4.jpg,false,false,false,,
6185775390,http://farm7.staticflickr.com/6179/6185775390_b0436d6705.jpg,false,false,false,,
6351346494,http://farm7.staticflickr.com/6094/6351346494_277451bdcf.jpg,true,true,true,,
5761897152,http://farm3.staticflickr.com/2304/5761897152_19bd86d81d.jpg,true,false,false,,
2352773517,http://farm3.staticflickr.com/2348/2352773517_cee36eb69f.jpg,false,false,false,,
6108496298,http://farm7.staticflickr.com/6061/6108496298_88022bd411.jpg,true,false,false,,
6661652645,http://farm8.staticflickr.com/7149/6661652645_063b8b75a2.jpg,true,false,false,,
4964330064,http://farm5.staticflickr.com/4151/4964330064_22e88b7b5b.jpg,true,false,false,,
5224830680,http://farm5.staticflickr.com/4124/5224830680_091eea0fec.jpg,false,false,false,,
5921492294,http://farm7.staticflickr.com/6020/5921492294_d35424fd79.jpg,false,false,false,,
5988156763,http://farm7.staticflickr.com/6129/5988156763_e683343f98.jpg,false,false,false,,
6364010213,http://farm7.staticflickr.com/6055/6364010213_322917fb2b.jpg,false,false,false,,
3327321067,http://farm4.staticflickr.com/3310/3327321067_352ed496db.jpg,true,true,true,,
4002460460,http://farm3.staticflickr.com/2673/4002460460_c253593e5e.jpg,false,false,false,,
262162973,http://farm1.staticflickr.com/97/262162973_d9c615e630.jpg,true,true,true,,
2528554760,http://farm3.staticflickr.com/2309/2528554760_11842b17fe.jpg,false,false,false,,
5535853623,http://farm6.staticflickr.com/5216/5535853623_9343a25ef1.jpg,true,false,false,,
2373684409,http://farm3.staticflickr.com/2021/2373684409_8cd0fa2c03.jpg,true,true,true,,
5489818354,http://farm6.staticflickr.com/5060/5489818354_4604dcc24f.jpg,false,false,false,,
3155157447,http://farm4.staticflickr.com/3099/3155157447_18c7958dcb.jpg,false,false,false,,
5534873647,http://farm6.staticflickr.com/5175/5534873647_b309c42d52.jpg,false,false,false,,
1820316084,http://farm3.staticflickr.com/2200/1820316084_0e06652953.jpg,true,true,true,,
5531815029,http://farm6.staticflickr.com/5214/5531815029_7c4cbf138a.jpg,false,false,false,,
5603429426,http://farm6.staticflickr.com/5188/5603429426_267a7ea321.jpg,true,true,true,,
6413970335,http://farm8.staticflickr.com/7012/6413970335_e808c9c595.jpg,true,true,true,,
6845028906,http://farm8.staticflickr.com/7178/6845028906_1a28dcd231.jpg,true,true,true,,
5112438125,http://farm2.staticflickr.com/1206/5112438125_c1d38a11c6.jpg,false,false,false,,
1831130354,http://farm3.staticflickr.com/2137/1831130354_5f017fc9d5.jpg,false,false,false,,
6396576925,http://farm8.staticflickr.com/7010/6396576925_1507c97982.jpg,false,false,false,,
4824263252,http://farm5.staticflickr.com/4118/4824263252_050bfb81f9.jpg,true,false,false,,
4772076968,http://farm5.staticflickr.com/4096/4772076968_894353b2c5.jpg,true,true,true,,
5321055475,http://farm6.staticflickr.com/5002/5321055475_db02114f41.jpg,false,false,false,,
2605549206,http://farm4.staticflickr.com/3017/2605549206_77738de555.jpg,true,false,false,,
6866669716,http://farm7.staticflickr.com/6109/6866669716_9cb4a6f7ab.jpg,false,false,false,,
3973238031,http://farm4.staticflickr.com/3530/3973238031_d12b79c7f5.jpg,true,true,true,,
4902179281,http://farm5.staticflickr.com/4098/4902179281_843bfcaaab.jpg,false,false,false,,
766797910,http://farm2.staticflickr.com/1095/766797910_d2c0a4845e.jpg,true,true,true,,
5219487486,http://farm5.staticflickr.com/4124/5219487486_6c8c192370.jpg,true,true,true,,
4598747135,http://farm2.staticflickr.com/1207/4598747135_2cc0e1f799.jpg,true,false,false,,
5229808220,http://farm6.staticflickr.com/5250/5229808220_272bb3a155.jpg,true,false,false,,
2190014318,http://farm3.staticflickr.com/2193/2190014318_ee8a9c3abf.jpg,true,false,false,,
6322738484,http://farm7.staticflickr.com/6045/6322738484_92583e2070.jpg,true,true,true,,
2438141115,http://farm4.staticflickr.com/3125/2438141115_4a63f2a3d8.jpg,false,false,false,,
617150752,http://farm2.staticflickr.com/1310/617150752_ed06454c4d.jpg,true,true,true,,
6485861247,http://farm8.staticflickr.com/7147/6485861247_8152fbf4c5.jpg,true,false,false,,
2751244821,http://farm4.staticflickr.com/3156/2751244821_fd2f14cccf.jpg,false,false,false,,
2395152173,http://farm4.staticflickr.com/3006/2395152173_24545200d4.jpg,true,true,true,,
3358953946,http://farm4.staticflickr.com/3590/3358953946_1fb9758210.jpg,true,true,true,,
506021849,http://farm1.staticflickr.com/192/506021849_8e7f88d03f.jpg,false,false,false,,
6175030778,http://farm7.staticflickr.com/6159/6175030778_e627aceb81.jpg,true,true,true,,
4007657259,http://farm3.staticflickr.com/2470/4007657259_74c836a088.jpg,false,false,false,,
4313790696,http://farm3.staticflickr.com/2559/4313790696_55375a81cb.jpg,true,false,false,,
5061253205,http://farm5.staticflickr.com/4145/5061253205_1266430257.jpg,true,true,true,,
4780496142,http://farm5.staticflickr.com/4097/4780496142_8a0e822e9b.jpg,true,false,false,,
4077996305,http://farm3.staticflickr.com/2448/4077996305_65a1fd0b9d.jpg,false,false,false,,
6537268131,http://farm8.staticflickr.com/7166/6537268131_d3323bd453.jpg,true,true,true,,
5509214811,http://farm6.staticflickr.com/5099/5509214811_e7dbe80b66.jpg,true,false,false,,
3855024065,http://farm3.staticflickr.com/2665/3855024065_367ef17eeb.jpg,true,false,false,,
5997107065,http://farm7.staticflickr.com/6010/5997107065_d5e47e2dcd.jpg,false,false,false,,
293116791,http://farm1.staticflickr.com/106/293116791_069fd107d7.jpg,false,false,false,,
4986125091,http://farm5.staticflickr.com/4126/4986125091_02bea5f0e8.jpg,false,false,false,,
6706294185,http://farm8.staticflickr.com/7168/6706294185_e999cbcfcc.jpg,false,false,false,,
6126738236,http://farm7.staticflickr.com/6197/6126738236_435965aaa8.jpg,false,false,false,,
5124983662,http://farm2.staticflickr.com/1340/5124983662_f4d964e9ae.jpg,false,false,false,,
5035500085,http://farm5.staticflickr.com/4154/5035500085_056a4f865e.jpg,true,false,false,,
5610237043,http://farm6.staticflickr.com/5024/5610237043_d85d61a4b3.jpg,true,,,,
6176518719,http://farm7.staticflickr.com/6175/6176518719_6f625a6055.jpg,true,false,false,,
5543381104,http://farm6.staticflickr.com/5055/5543381104_9703590a5e.jpg,false,false,false,,
5960769873,http://farm7.staticflickr.com/6007/5960769873_82392993e4.jpg,false,false,false,,
4170220172,http://farm3.staticflickr.com/2728/4170220172_0fc03388fd.jpg,true,false,false,,
6231250293,http://farm7.staticflickr.com/6044/6231250293_92fa4fbc6c.jpg,true,true,true,,
5881754805,http://farm7.staticflickr.com/6003/5881754805_37cea97216.jpg,true,false,false,,
6775749116,http://farm8.staticflickr.com/7037/6775749116_56f0454b5f.jpg,false,false,false,,
2251311120,http://farm3.staticflickr.com/2223/2251311120_4f2021d414.jpg,false,false,false,,
2783365060,http://farm4.staticflickr.com/3219/2783365060_9132a42458.jpg,true,false,false,,
803854796,http://farm2.staticflickr.com/1354/803854796_0f033e1db0.jpg,false,false,false,,
5321335562,http://farm6.staticflickr.com/5086/5321335562_5535e667ec.jpg,true,false,false,,
4001448103,http://farm4.staticflickr.com/3067/4001448103_26f3d7ef6b.jpg,true,false,false,,
5099297238,http://farm2.staticflickr.com/1184/5099297238_6e0ac8b88a.jpg,true,false,false,,
5593738062,http://farm6.staticflickr.com/5261/5593738062_60a7fd2582.jpg,false,false,false,,
6019208428,http://farm7.staticflickr.com/6126/6019208428_7d8e08dbbb.jpg,true,false,false,,
4675420292,http://farm5.staticflickr.com/4022/4675420292_23c4d1f749.jpg,false,false,false,,
2271606093,http://farm3.staticflickr.com/2229/2271606093_71d4ccdcea.jpg,false,false,false,,
6708252159,http://farm8.staticflickr.com/7149/6708252159_4b3b4390f9.jpg,true,false,false,,
5711400517,http://farm4.staticflickr.com/3527/5711400517_1e55114e0f.jpg,false,false,false,,
3411897719,http://farm4.staticflickr.com/3260/3411897719_f90d1f5d37.jpg,true,false,false,,
1298743108,http://farm2.staticflickr.com/1286/1298743108_7299b25ad0.jpg,true,true,true,,
6790843115,http://farm8.staticflickr.com/7156/6790843115_e5c0c93ab7.jpg,false,false,false,,
475311739,http://farm1.staticflickr.com/226/475311739_cf287932be.jpg,true,true,true,,
2154633817,http://farm3.staticflickr.com/2178/2154633817_e83cc5ee69.jpg,false,false,false,,
1552108214,http://farm3.staticflickr.com/2339/1552108214_eeb967f506.jpg,false,false,false,,
5397404556,http://farm6.staticflickr.com/5136/5397404556_0deeaaa066.jpg,true,false,false,,
1169252232,http://farm2.staticflickr.com/1287/1169252232_4f21d39be1.jpg,false,false,false,,
5703842243,http://farm3.staticflickr.com/2618/5703842243_6246033f32.jpg,true,false,false,,
4409268458,http://farm3.staticflickr.com/2773/4409268458_6fa6a09ce6.jpg,false,false,false,,
6529961739,http://farm8.staticflickr.com/7143/6529961739_b4df41d3e8.jpg,false,false,false,,
367677397,http://farm1.staticflickr.com/133/367677397_dddab11e8e.jpg,true,true,true,,
6024111440,http://farm7.staticflickr.com/6147/6024111440_62f809ab78.jpg,true,false,false,,
4744829072,http://farm5.staticflickr.com/4077/4744829072_6331d9158a.jpg,true,false,false,,
6130635562,http://farm7.staticflickr.com/6064/6130635562_803074f8f6.jpg,false,false,false,,
3855019911,http://farm3.staticflickr.com/2522/3855019911_6c917599f1.jpg,true,true,true,,
4993649632,http://farm5.staticflickr.com/4103/4993649632_418e034be6.jpg,true,true,true,,
5679518924,http://farm6.staticflickr.com/5222/5679518924_0c91778677.jpg,true,false,false,,
3117443998,http://farm4.staticflickr.com/3085/3117443998_9e3bc48418.jpg,true,false,false,,
5097310621,http://farm5.staticflickr.com/4091/5097310621_97702e358f.jpg,true,true,true,,
6813931626,http://farm8.staticflickr.com/7188/6813931626_8c94490c3f.jpg,true,true,true,,
4829685137,http://farm5.staticflickr.com/4137/4829685137_4da5ba0668.jpg,true,false,false,,
4598797394,http://farm4.staticflickr.com/3356/4598797394_02e9d223f4.jpg,true,true,true,,
2145966503,http://farm3.staticflickr.com/2272/2145966503_3dd1623b53.jpg,false,false,false,,
4746996896,http://farm5.staticflickr.com/4074/4746996896_ff98e49a94.jpg,true,true,true,,
4325150622,http://farm5.staticflickr.com/4055/4325150622_7ec0e45f00.jpg,true,true,true,,
6194731886,http://farm7.staticflickr.com/6153/6194731886_c49a507e34.jpg,false,false,false,,
1906236362,http://farm3.staticflickr.com/2263/1906236362_6450176f4d.jpg,true,false,false,,
6933413655,http://farm8.staticflickr.com/7048/6933413655_b45931db07.jpg,false,false,false,,
2329991350,http://farm3.staticflickr.com/2279/2329991350_d8ffa51bd1.jpg,true,true,true,,
5861925683,http://farm4.staticflickr.com/3075/5861925683_25e27c2bb1.jpg,false,false,false,,
4333382684,http://farm3.staticflickr.com/2759/4333382684_8614203a2d.jpg,false,false,false,,
5553343832,http://farm6.staticflickr.com/5019/5553343832_efbe54031d.jpg,true,,,,
5948144851,http://farm7.staticflickr.com/6009/5948144851_762438d0f5.jpg,true,false,false,,
4443375234,http://farm3.staticflickr.com/2679/4443375234_c7ddbcfc1a.jpg,true,true,true,,
4980281989,http://farm5.staticflickr.com/4111/4980281989_b397e04e1d.jpg,true,true,true,,
3998320652,http://farm3.staticflickr.com/2492/3998320652_a89a6c399f.jpg,true,false,false,,
4258695049,http://farm3.staticflickr.com/2681/4258695049_37ed71b498.jpg,false,false,false,,
3057416284,http://farm4.staticflickr.com/3065/3057416284_e0bffe924e.jpg,true,false,false,,
4439072503,http://farm5.staticflickr.com/4056/4439072503_7c90385a23.jpg,false,false,false,,
4034197012,http://farm3.staticflickr.com/2674/4034197012_ce55739247.jpg,false,false,false,,
4737039417,http://farm5.staticflickr.com/4093/4737039417_94bfbb83db.jpg,true,true,true,,
5731672000,http://farm6.staticflickr.com/5104/5731672000_392e228d8b.jpg,false,false,false,,
6777777561,http://farm8.staticflickr.com/7032/6777777561_1af1a88a96.jpg,true,false,false,,
5383526022,http://farm6.staticflickr.com/5284/5383526022_7f62b80373.jpg,false,false,false,,
6032800242,http://farm7.staticflickr.com/6149/6032800242_5033b2bb6b.jpg,false,false,false,,
6401518567,http://farm8.staticflickr.com/7016/6401518567_a2431881ea.jpg,false,false,false,,
4788150030,http://farm5.staticflickr.com/4098/4788150030_3d67c4dd33.jpg,false,false,false,,
218259305,http://farm1.staticflickr.com/89/218259305_69aef436d6.jpg,false,false,false,,
3738044576,http://farm4.staticflickr.com/3444/3738044576_839e67bbfc.jpg,false,false,false,,
634291134,http://farm2.staticflickr.com/1321/634291134_66bef90591.jpg,false,false,false,,
2094089891,http://farm3.staticflickr.com/2342/2094089891_3763bb3b7b.jpg,false,false,false,,
4673008890,http://farm5.staticflickr.com/4036/4673008890_62226593c6.jpg,false,false,false,,
6484565239,http://farm8.staticflickr.com/7157/6484565239_1e71c3cccf.jpg,true,true,true,,
323250492,http://farm1.staticflickr.com/143/323250492_7f40863608.jpg,true,true,true,,
2273624573,http://farm3.staticflickr.com/2324/2273624573_95070470dc.jpg,true,false,false,,
29677501,http://farm1.staticflickr.com/23/29677501_a4ecfb2156.jpg,true,false,false,,
6782861874,http://farm8.staticflickr.com/7202/6782861874_3f7dd1e366.jpg,false,false,false,,
6217885920,http://farm7.staticflickr.com/6235/6217885920_d731c4144a.jpg,true,false,false,,
3741753722,http://farm3.staticflickr.com/2624/3741753722_935cdd617a.jpg,false,false,false,,
3714945808,http://farm3.staticflickr.com/2439/3714945808_1905456e91.jpg,true,true,true,,
2485081697,http://farm4.staticflickr.com/3060/2485081697_4933a51ff8.jpg,false,false,false,,
411860723,http://farm1.staticflickr.com/151/411860723_1a9f552874.jpg,true,false,false,,
5640829626,http://farm6.staticflickr.com/5105/5640829626_4a8fe81d72.jpg,false,false,false,,
6262175685,http://farm7.staticflickr.com/6052/6262175685_ae23edacae.jpg,true,false,false,,
4309124703,http://farm5.staticflickr.com/4032/4309124703_3b85709f7e.jpg,true,false,false,,
4640981529,http://farm4.staticflickr.com/3408/4640981529_865de7a8ba.jpg,true,false,false,,
209227510,http://farm1.staticflickr.com/57/209227510_5d640c0f1e.jpg,false,false,false,,
2097075822,http://farm3.staticflickr.com/2137/2097075822_1f1b632587.jpg,true,true,true,,
5411475485,http://farm6.staticflickr.com/5057/5411475485_1337c76c07.jpg,false,false,false,,
5449979464,http://farm5.staticflickr.com/4146/5449979464_19ca2a1d7b.jpg,true,,,,
322260391,http://farm1.staticflickr.com/126/322260391_542472bef6.jpg,true,false,false,,
1544303262,http://farm3.staticflickr.com/2264/1544303262_f463a02302.jpg,true,false,false,,
3089898175,http://farm4.staticflickr.com/3093/3089898175_15f8306c90.jpg,true,false,false,,
5055025119,http://farm5.staticflickr.com/4127/5055025119_8183fb8ac0.jpg,true,true,true,,
4788065265,http://farm5.staticflickr.com/4114/4788065265_4f5e8b712e.jpg,false,false,false,,
6340610938,http://farm7.staticflickr.com/6037/6340610938_bb33eb5081.jpg,false,false,false,,
5199386495,http://farm5.staticflickr.com/4130/5199386495_d792631fa1.jpg,true,false,false,,
5156740550,http://farm5.staticflickr.com/4145/5156740550_8e4e20de6c.jpg,true,true,true,,
5342357750,http://farm6.staticflickr.com/5002/5342357750_b7128785a9.jpg,false,false,false,,
3015586085,http://farm4.staticflickr.com/3145/3015586085_80de518699.jpg,false,false,false,,
6416122099,http://farm7.staticflickr.com/6214/6416122099_b97e26d96b.jpg,true,true,true,,
6606001953,http://farm8.staticflickr.com/7008/6606001953_b81647a06b.jpg,true,false,false,,
5461496612,http://farm6.staticflickr.com/5058/5461496612_79866391ba.jpg,true,true,true,,
6859771516,http://farm8.staticflickr.com/7248/6859771516_6696fa282f.jpg,true,false,false,,
4612150338,http://farm4.staticflickr.com/3344/4612150338_3e8fc07b9b.jpg,false,false,false,,
4157778292,http://farm3.staticflickr.com/2531/4157778292_6e042a75ff.jpg,false,false,false,,
6079770824,http://farm7.staticflickr.com/6078/6079770824_1af47f085b.jpg,true,false,false,,
3655834447,http://farm4.staticflickr.com/3383/3655834447_2fb9a3a8d6.jpg,true,true,true,,
5196022557,http://farm5.staticflickr.com/4126/5196022557_13394595a2.jpg,true,true,true,,
6129858549,http://farm7.staticflickr.com/6210/6129858549_9c865fe43b.jpg,true,true,true,,
4925105954,http://farm5.staticflickr.com/4143/4925105954_ee1a6c6605.jpg,true,false,false,,
5873566906,http://farm6.staticflickr.com/5141/5873566906_e50b23c0b7.jpg,true,false,false,,
4836158188,http://farm5.staticflickr.com/4111/4836158188_94bfe32491.jpg,false,false,false,,
4798489773,http://farm5.staticflickr.com/4076/4798489773_e3c892f78e.jpg,false,false,false,,
6736248627,http://farm8.staticflickr.com/7020/6736248627_fa346bbeb5.jpg,true,true,true,,
2947603714,http://farm4.staticflickr.com/3042/2947603714_abbcf11eb1.jpg,true,true,true,,
6434903359,http://farm8.staticflickr.com/7024/6434903359_724bf7bec1.jpg,false,false,false,,
2552454800,http://farm4.staticflickr.com/3066/2552454800_5d8d0b0d62.jpg,false,false,false,,
4775105067,http://farm5.staticflickr.com/4143/4775105067_c6c9c9201e.jpg,true,false,false,,
4589055792,http://farm5.staticflickr.com/4066/4589055792_36d4d355d3.jpg,false,false,false,,
4916988,http://farm1.staticflickr.com/5/4916988_d17d7f0ab7.jpg,true,false,false,,
3390481569,http://farm4.staticflickr.com/3598/3390481569_21d022aa3d.jpg,true,true,true,,
6564273659,http://farm8.staticflickr.com/7158/6564273659_18371e0724.jpg,false,false,false,,
4356510995,http://farm3.staticflickr.com/2762/4356510995_27334582b5.jpg,false,false,false,,
6864333727,http://farm8.staticflickr.com/7065/6864333727_ed34874dfc.jpg,true,true,true,,
5920113249,http://farm7.staticflickr.com/6008/5920113249_fa57a7cb64.jpg,false,false,false,,
5152501213,http://farm2.staticflickr.com/1356/5152501213_7fc9ae390c.jpg,true,true,true,,
3882473897,http://farm3.staticflickr.com/2480/3882473897_78c8c17bfd.jpg,true,true,true,,
4689919306,http://farm5.staticflickr.com/4007/4689919306_4debbc43a3.jpg,true,false,false,,
3409935869,http://farm4.staticflickr.com/3567/3409935869_5fe03da458.jpg,true,true,true,,
2673802651,http://farm4.staticflickr.com/3214/2673802651_f33d7b3387.jpg,true,true,true,,
6391763517,http://farm8.staticflickr.com/7023/6391763517_e44ee1a110.jpg,false,false,false,,
4941585484,http://farm5.staticflickr.com/4138/4941585484_8941cdfcb1.jpg,true,true,true,,
2657588395,http://farm4.staticflickr.com/3260/2657588395_d23e86259f.jpg,false,false,false,,
4846418450,http://farm5.staticflickr.com/4103/4846418450_f99e777096.jpg,true,true,true,,
2443150161,http://farm3.staticflickr.com/2004/2443150161_6442854564.jpg,true,true,true,,
5360372054,http://farm6.staticflickr.com/5043/5360372054_2176d975a9.jpg,true,false,false,,
403862216,http://farm1.staticflickr.com/151/403862216_f549be401a.jpg,true,true,true,,
2529506328,http://farm3.staticflickr.com/2396/2529506328_db317ee23c.jpg,true,false,false,,
3570401805,http://farm4.staticflickr.com/3608/3570401805_0529b1ebb8.jpg,true,false,false,,
5903912250,http://farm6.staticflickr.com/5195/5903912250_cf00fbb4ac.jpg,true,true,true,,
6678017237,http://farm8.staticflickr.com/7156/6678017237_f7de639b77.jpg,true,true,true,,
384279559,http://farm1.staticflickr.com/168/384279559_c56d84702a.jpg,true,false,false,,
5959480791,http://farm7.staticflickr.com/6149/5959480791_f6ecb446ec.jpg,true,false,false,,
6265594774,http://farm7.staticflickr.com/6043/6265594774_96d1057b4e.jpg,true,true,true,,
6816708780,http://farm8.staticflickr.com/7176/6816708780_5fee3ecb96.jpg,true,false,false,,
6129407922,http://farm7.staticflickr.com/6086/6129407922_23fbefef5a.jpg,true,false,false,,
363193153,http://farm1.staticflickr.com/136/363193153_b1baa344ac.jpg,false,false,false,,
6142589124,http://farm7.staticflickr.com/6159/6142589124_1c91ef0cbe.jpg,true,true,true,,
6438048091,http://farm8.staticflickr.com/7142/6438048091_47466f783a.jpg,true,false,false,,
3619665240,http://farm4.staticflickr.com/3624/3619665240_600969fd31.jpg,true,false,false,,
3363653269,http://farm4.staticflickr.com/3460/3363653269_52b3cfe865.jpg,false,false,false,,
5105365669,http://farm2.staticflickr.com/1108/5105365669_e59688c022.jpg,true,false,false,,
2643782527,http://farm4.staticflickr.com/3169/2643782527_1bc63d756b.jpg,false,false,false,,
5687768565,http://farm6.staticflickr.com/5306/5687768565_7bf1740a1d.jpg,true,false,false,,
5790301137,http://farm6.staticflickr.com/5028/5790301137_1c0c31b92e.jpg,false,false,false,,
5167646452,http://farm2.staticflickr.com/1251/5167646452_93b7663ec6.jpg,true,,,,
3699388018,http://farm3.staticflickr.com/2503/3699388018_eb714409f9.jpg,true,true,true,,
5307955859,http://farm6.staticflickr.com/5206/5307955859_1169fe9030.jpg,false,false,false,,
2855121119,http://farm4.staticflickr.com/3027/2855121119_b3df774731.jpg,false,false,false,,
6350739578,http://farm7.staticflickr.com/6120/6350739578_1621648dfb.jpg,false,false,false,,
4195785953,http://farm5.staticflickr.com/4004/4195785953_4251ec6412.jpg,true,true,true,,
6319600219,http://farm7.staticflickr.com/6217/6319600219_0076be94ff.jpg,true,false,false,,
5360351606,http://farm6.staticflickr.com/5001/5360351606_1896f32179.jpg,true,false,false,,
2596190278,http://farm4.staticflickr.com/3183/2596190278_de8ba478da.jpg,true,true,true,,
4090245428,http://farm3.staticflickr.com/2756/4090245428_344de4a575.jpg,false,false,false,,
4028347106,http://farm3.staticflickr.com/2748/4028347106_93a86f4627.jpg,true,false,false,,
3411545505,http://farm4.staticflickr.com/3556/3411545505_12707717fd.jpg,true,false,false,,
4416114112,http://farm5.staticflickr.com/4049/4416114112_e7db12e6dc.jpg,false,false,false,,
6175763174,http://farm7.staticflickr.com/6167/6175763174_baa8ea888c.jpg,true,true,true,,
5373845170,http://farm6.staticflickr.com/5125/5373845170_d0bc28aa1d.jpg,false,false,false,,
6601078667,http://farm8.staticflickr.com/7153/6601078667_6c5dc2cd4c.jpg,true,true,true,,
6953020783,http://farm8.staticflickr.com/7208/6953020783_008f6b1bf7.jpg,true,false,false,,
5581958068,http://farm6.staticflickr.com/5138/5581958068_4c7e7f1b2d.jpg,true,false,false,,
5390111303,http://farm6.staticflickr.com/5251/5390111303_fc390a38ea.jpg,false,false,false,,
4144003074,http://farm3.staticflickr.com/2510/4144003074_477dd4a209.jpg,false,false,false,,
5990281737,http://farm7.staticflickr.com/6027/5990281737_59a86018c4.jpg,true,false,false,,
250934781,http://farm1.staticflickr.com/108/250934781_2d62fa9eb0.jpg,true,true,true,,
3226291015,http://farm4.staticflickr.com/3340/3226291015_ac37d15179.jpg,true,true,true,,
6868713059,http://farm8.staticflickr.com/7181/6868713059_d86bc37bf5.jpg,true,false,false,,
3487045842,http://farm4.staticflickr.com/3641/3487045842_af19748810.jpg,false,false,false,,
6695346205,http://farm8.staticflickr.com/7170/6695346205_878326b4f3.jpg,false,false,false,,
6204456670,http://farm7.staticflickr.com/6010/6204456670_887974e71c.jpg,true,false,false,,
2868770286,http://farm4.staticflickr.com/3196/2868770286_4d53bc4591.jpg,true,true,true,,
6817012033,http://farm8.staticflickr.com/7007/6817012033_3534afa90e.jpg,false,false,false,,
541151061,http://farm2.staticflickr.com/1365/541151061_b308675245.jpg,false,false,false,,
5563882678,http://farm6.staticflickr.com/5070/5563882678_2c6e931e21.jpg,true,,,,
4980906998,http://farm5.staticflickr.com/4113/4980906998_5c7ee4423a.jpg,true,,,,
3713768013,http://farm3.staticflickr.com/2519/3713768013_5aff06cc49.jpg,true,false,false,,
350745585,http://farm1.staticflickr.com/162/350745585_2425c8fbef.jpg,false,false,false,,
3347523728,http://farm4.staticflickr.com/3636/3347523728_15e6098031.jpg,false,false,false,,
6284803459,http://farm7.staticflickr.com/6058/6284803459_b6d2ba4427.jpg,true,false,false,,
3140550697,http://farm4.staticflickr.com/3263/3140550697_7254ca8d09.jpg,false,false,false,,
6784284484,http://farm8.staticflickr.com/7207/6784284484_507b0dd8be.jpg,false,false,false,,
5832352952,http://farm3.staticflickr.com/2717/5832352952_1d722a2ed8.jpg,false,false,false,,
6244052785,http://farm7.staticflickr.com/6106/6244052785_7cbeaa5365.jpg,false,false,false,,
46825943,http://farm1.staticflickr.com/26/46825943_c737bf9362.jpg,false,false,false,,
5249818615,http://farm6.staticflickr.com/5083/5249818615_1a5aa526ab.jpg,true,true,true,,
287295038,http://farm1.staticflickr.com/110/287295038_be8055fc6c.jpg,true,false,false,,
3742060591,http://farm3.staticflickr.com/2649/3742060591_ee8e8b09f5.jpg,true,false,false,,
5511967661,http://farm6.staticflickr.com/5134/5511967661_a96748f3e4.jpg,false,false,false,,
1444123956,http://farm2.staticflickr.com/1083/1444123956_9e4fc9affd.jpg,false,false,false,,
5027829896,http://farm5.staticflickr.com/4112/5027829896_0dbd01cf45.jpg,false,false,false,,
6222696911,http://farm7.staticflickr.com/6233/6222696911_2c76a3daf3.jpg,true,false,false,,
6467233363,http://farm8.staticflickr.com/7160/6467233363_775d947151.jpg,false,false,false,,
6858561504,http://farm7.staticflickr.com/6120/6858561504_7c367ea223.jpg,true,true,true,,
6269815431,http://farm7.staticflickr.com/6049/6269815431_a21bb70f1d.jpg,true,true,true,,
7022798245,http://farm7.staticflickr.com/6236/7022798245_a5a778f635.jpg,false,false,false,,
5459462750,http://farm6.staticflickr.com/5298/5459462750_9d9babe61e.jpg,true,false,false,,
3095787453,http://farm4.staticflickr.com/3110/3095787453_ce4d0f0e5a.jpg,true,false,false,,
1714087187,http://farm3.staticflickr.com/2192/1714087187_32f4b8b718.jpg,false,false,false,,
4377911242,http://farm3.staticflickr.com/2708/4377911242_1ae11e5a07.jpg,true,false,false,,
180378106,http://farm1.staticflickr.com/78/180378106_98ec645164.jpg,false,false,false,,
6163809369,http://farm7.staticflickr.com/6164/6163809369_5869ea23c8.jpg,true,true,true,,
5681757591,http://farm6.staticflickr.com/5070/5681757591_e5b9f2635b.jpg,false,false,false,,
6817298711,http://farm8.staticflickr.com/7175/6817298711_90dd1a60f5.jpg,true,false,false,,
2793128249,http://farm4.staticflickr.com/3254/2793128249_c8047a3d8c.jpg,true,true,true,,
6993131409,http://farm8.staticflickr.com/7066/6993131409_8c5b12213b.jpg,false,false,false,,
4766748507,http://farm5.staticflickr.com/4135/4766748507_c731b38460.jpg,false,false,false,,
4285349928,http://farm5.staticflickr.com/4025/4285349928_b5ae76864c.jpg,true,true,true,,
5333712558,http://farm6.staticflickr.com/5090/5333712558_6c905d2585.jpg,false,false,false,,
4926700257,http://farm5.staticflickr.com/4077/4926700257_1c1fb53119.jpg,false,false,false,,
521424988,http://farm1.staticflickr.com/205/521424988_f0e77c241a.jpg,false,false,false,,
3424280401,http://farm4.staticflickr.com/3326/3424280401_b09003b3ab.jpg,false,false,false,,
3313517262,http://farm4.staticflickr.com/3528/3313517262_babe9d20fa.jpg,true,false,false,,
3965799215,http://farm3.staticflickr.com/2569/3965799215_c83b006fea.jpg,false,false,false,,
5821266359,http://farm4.staticflickr.com/3404/5821266359_95f2ed5ab4.jpg,true,false,false,,
6883680541,http://farm8.staticflickr.com/7179/6883680541_fd6ecb6b38.jpg,true,false,false,,
5560527933,http://farm6.staticflickr.com/5138/5560527933_7937012209.jpg,false,false,false,,
6055913383,http://farm7.staticflickr.com/6209/6055913383_5d90312c03.jpg,true,,,,
6203603606,http://farm7.staticflickr.com/6171/6203603606_a100e61dd8.jpg,true,false,false,,
5311016923,http://farm6.staticflickr.com/5161/5311016923_4b9956c289.jpg,true,true,true,,
6848255844,http://farm8.staticflickr.com/7040/6848255844_cdcc5f35e2.jpg,true,false,false,,
6203650707,http://farm7.staticflickr.com/6159/6203650707_ec3230d542.jpg,true,false,false,,
2285009764,http://farm3.staticflickr.com/2390/2285009764_a0d51d0e6e.jpg,true,false,false,,
5604262236,http://farm6.staticflickr.com/5024/5604262236_8b6b33fe1b.jpg,false,false,false,,
3941995949,http://farm3.staticflickr.com/2532/3941995949_78b266e8b9.jpg,true,false,false,,
4894602465,http://farm5.staticflickr.com/4074/4894602465_52a23ea0df.jpg,true,false,false,,
4047570462,http://farm3.staticflickr.com/2633/4047570462_23a1c3acab.jpg,true,false,false,,
5701521544,http://farm6.staticflickr.com/5222/5701521544_eea96738f8.jpg,false,false,false,,
5120508496,http://farm5.staticflickr.com/4023/5120508496_823a1ef97f.jpg,true,false,false,,
65497218,http://farm1.staticflickr.com/31/65497218_23793e70d8.jpg,true,false,false,,
6029172793,http://farm7.staticflickr.com/6087/6029172793_31243f6bbc.jpg,false,false,false,,
2653050180,http://farm3.staticflickr.com/2202/2653050180_4af1933ed6.jpg,false,false,false,,
6267599605,http://farm7.staticflickr.com/6214/6267599605_5c1852d251.jpg,true,false,false,,
397002958,http://farm1.staticflickr.com/53/397002958_80d5d4b79d.jpg,true,false,false,,
4827306194,http://farm5.staticflickr.com/4101/4827306194_e4142cd6bf.jpg,true,false,false,,
1425585043,http://farm2.staticflickr.com/1358/1425585043_d10b157a15.jpg,true,true,true,,
5410246932,http://farm6.staticflickr.com/5016/5410246932_721fe91e56.jpg,false,false,false,,
6861855633,http://farm8.staticflickr.com/7046/6861855633_5ea2dce382.jpg,true,true,true,,
6868746779,http://farm8.staticflickr.com/7068/6868746779_920c49aeb0.jpg,false,false,false,,
3895227224,http://farm3.staticflickr.com/2559/3895227224_ab7e394a4c.jpg,true,false,false,,
3281752301,http://farm4.staticflickr.com/3199/3281752301_a6d9bebbf7.jpg,true,false,false,,
5182257045,http://farm5.staticflickr.com/4090/5182257045_b5ecce52ea.jpg,false,false,false,,
2131789929,http://farm3.staticflickr.com/2091/2131789929_e8b6e342b7.jpg,true,false,false,,
1676940431,http://farm3.staticflickr.com/2392/1676940431_168da37fc4.jpg,true,false,false,,
6837943534,http://farm8.staticflickr.com/7201/6837943534_affb5e8afb.jpg,true,false,false,,
2334736471,http://farm4.staticflickr.com/3029/2334736471_650f63037b.jpg,false,false,false,,
456809658,http://farm1.staticflickr.com/216/456809658_425b1c4a0a.jpg,false,false,false,,
6178189247,http://farm7.staticflickr.com/6158/6178189247_c012f0cc9b.jpg,true,false,false,,
5788752522,http://farm3.staticflickr.com/2186/5788752522_34d7c3d1b5.jpg,true,true,true,,
2552673189,http://farm4.staticflickr.com/3016/2552673189_4b64f13f0f.jpg,true,true,true,,
3907007333,http://farm3.staticflickr.com/2537/3907007333_5106503632.jpg,true,false,false,,
2722684365,http://farm4.staticflickr.com/3166/2722684365_731f2d69dc.jpg,true,false,false,,
2824495071,http://farm4.staticflickr.com/3213/2824495071_abb7ae3128.jpg,true,,,,
3098792763,http://farm4.staticflickr.com/3290/3098792763_c36db19b1a.jpg,true,false,false,,
4828077131,http://farm5.staticflickr.com/4120/4828077131_27f3e1059f.jpg,false,false,false,,
5275477500,http://farm6.staticflickr.com/5288/5275477500_b6a73bc860.jpg,false,false,false,,
5793232578,http://farm4.staticflickr.com/3291/5793232578_11b7593d2f.jpg,false,false,false,,
6098898955,http://farm7.staticflickr.com/6067/6098898955_9c04bb9de1.jpg,false,false,false,,
6488076585,http://farm8.staticflickr.com/7170/6488076585_f7a59e9c65.jpg,true,true,true,,
572348812,http://farm2.staticflickr.com/1044/572348812_7dd5754704.jpg,false,false,false,,
153057932,http://farm1.staticflickr.com/52/153057932_212c53eef5.jpg,true,false,false,,
3457797517,http://farm4.staticflickr.com/3525/3457797517_93d5b4b7da.jpg,false,false,false,,
6113069002,http://farm7.staticflickr.com/6089/6113069002_3d97c59fb4.jpg,false,false,false,,
4832279441,http://farm5.staticflickr.com/4091/4832279441_6ae46030d4.jpg,true,false,false,,
220431029,http://farm1.staticflickr.com/88/220431029_6b099f8694.jpg,false,false,false,,
6354463063,http://farm7.staticflickr.com/6211/6354463063_c0f2f8152a.jpg,true,false,false,,
4292959352,http://farm3.staticflickr.com/2648/4292959352_2cc14caefb.jpg,true,false,false,,
6798984920,http://farm8.staticflickr.com/7039/6798984920_eb4e5c120e.jpg,false,false,false,,
2478825509,http://farm4.staticflickr.com/3185/2478825509_0284b95ab8.jpg,true,false,false,,
2464297336,http://farm4.staticflickr.com/3115/2464297336_4be07f31af.jpg,true,false,false,,
2693651223,http://farm4.staticflickr.com/3194/2693651223_90c435bdf4.jpg,false,false,false,,
3485849689,http://farm4.staticflickr.com/3368/3485849689_652014b9e3.jpg,true,true,true,,
3007056032,http://farm4.staticflickr.com/3028/3007056032_2067ef2251.jpg,true,false,false,,
5692484819,http://farm6.staticflickr.com/5186/5692484819_17d81ef5b5.jpg,true,false,false,,
6821667076,http://farm8.staticflickr.com/7065/6821667076_564a8dc4fe.jpg,true,false,false,,
5236468667,http://farm6.staticflickr.com/5127/5236468667_fabb64e5af.jpg,false,false,false,,
6652419879,http://farm8.staticflickr.com/7155/6652419879_682d1e4177.jpg,false,false,false,,
4108781376,http://farm3.staticflickr.com/2669/4108781376_d5063f8715.jpg,true,false,false,,
6997586623,http://farm8.staticflickr.com/7219/6997586623_8ca377d94d.jpg,false,false,false,,
2218251163,http://farm3.staticflickr.com/2261/2218251163_dcfce8c679.jpg,false,false,false,,
2340927531,http://farm4.staticflickr.com/3157/2340927531_07abd35541.jpg,false,false,false,,
1406532728,http://farm2.staticflickr.com/1213/1406532728_14a9ad0b68.jpg,false,false,false,,
4123845219,http://farm3.staticflickr.com/2610/4123845219_a767f5d725.jpg,true,true,true,,
6797591173,http://farm8.staticflickr.com/7016/6797591173_8369f765c3.jpg,false,false,false,,
5789553317,http://farm4.staticflickr.com/3245/5789553317_71525de9b0.jpg,false,false,false,,
5283646813,http://farm6.staticflickr.com/5005/5283646813_bb475a831b.jpg,true,true,true,,
6098497740,http://farm7.staticflickr.com/6067/6098497740_7e32f09222.jpg,true,true,true,,
2592994614,http://farm4.staticflickr.com/3143/2592994614_e1ff065729.jpg,false,false,false,,
4104942352,http://farm3.staticflickr.com/2595/4104942352_3fce273a34.jpg,true,false,false,,
2562663171,http://farm4.staticflickr.com/3177/2562663171_f02cc8254a.jpg,false,false,false,,
6689013007,http://farm8.staticflickr.com/7166/6689013007_f71ebc7ce1.jpg,false,false,false,,
3882635472,http://farm4.staticflickr.com/3439/3882635472_fb6eec4ff2.jpg,false,false,false,,
6174756789,http://farm7.staticflickr.com/6165/6174756789_b80642a431.jpg,false,false,false,,
5411198280,http://farm6.staticflickr.com/5133/5411198280_cd5f152877.jpg,true,false,false,,
6785190829,http://farm8.staticflickr.com/7144/6785190829_113f956c31.jpg,true,false,false,,
4714263357,http://farm5.staticflickr.com/4017/4714263357_d6d7974ca1.jpg,false,false,false,,
4963321878,http://farm5.staticflickr.com/4129/4963321878_221bdf8277.jpg,false,false,false,,
2158664555,http://farm3.staticflickr.com/2121/2158664555_e35f51347f.jpg,false,false,false,,
4902188019,http://farm5.staticflickr.com/4095/4902188019_afdef7b837.jpg,false,false,false,,
4955189406,http://farm5.staticflickr.com/4144/4955189406_9bc8c7c672.jpg,true,false,false,,
5205367175,http://farm6.staticflickr.com/5049/5205367175_361a893e23.jpg,false,false,false,,
4253824587,http://farm5.staticflickr.com/4047/4253824587_97d5d7cf22.jpg,false,false,false,,
415703823,http://farm1.staticflickr.com/176/415703823_8ac7f05e0b.jpg,false,false,false,,
3967317940,http://farm3.staticflickr.com/2575/3967317940_6cbc9103ce.jpg,true,false,false,,
2537539826,http://farm3.staticflickr.com/2128/2537539826_0c0b995980.jpg,true,false,false,,
5008042318,http://farm5.staticflickr.com/4147/5008042318_561d8a919e.jpg,false,false,false,,
5769039885,http://farm4.staticflickr.com/3164/5769039885_d40ca7e682.jpg,true,false,false,,
4776647527,http://farm5.staticflickr.com/4134/4776647527_25767e32bd.jpg,true,false,false,,
4972215176,http://farm5.staticflickr.com/4125/4972215176_34779900c8.jpg,true,false,false,,
3951986776,http://farm3.staticflickr.com/2470/3951986776_bd13b03554.jpg,false,false,false,,
6182932318,http://farm7.staticflickr.com/6160/6182932318_7771fda8f5.jpg,true,true,true,,
3899014065,http://farm3.staticflickr.com/2647/3899014065_e15f1deab3.jpg,true,false,false,,
2896414586,http://farm4.staticflickr.com/3121/2896414586_786c73800f.jpg,true,true,true,,
2354702208,http://farm4.staticflickr.com/3215/2354702208_841b5c9288.jpg,false,false,false,,
5664802429,http://farm6.staticflickr.com/5265/5664802429_acb4ea270d.jpg,true,false,false,,
6703977547,http://farm8.staticflickr.com/7171/6703977547_d33e7c98e7.jpg,false,false,false,,
5570937808,http://farm6.staticflickr.com/5055/5570937808_ee80e73d2e.jpg,false,false,false,,
6341390887,http://farm7.staticflickr.com/6057/6341390887_aaeb86a346.jpg,true,false,false,,
6920582049,http://farm8.staticflickr.com/7047/6920582049_8f6ce0a993.jpg,true,,,,
4596754978,http://farm5.staticflickr.com/4020/4596754978_9091342604.jpg,false,false,false,,
4953920664,http://farm5.staticflickr.com/4132/4953920664_8f8bf3c8e5.jpg,false,false,false,,
4372483967,http://farm5.staticflickr.com/4069/4372483967_667d9a9786.jpg,true,false,false,,
5331002915,http://farm6.staticflickr.com/5290/5331002915_9d3b030beb.jpg,false,false,false,,
659007652,http://farm2.staticflickr.com/1209/659007652_b15e479e65.jpg,true,false,false,,
5628734618,http://farm6.staticflickr.com/5187/5628734618_d363e2b615.jpg,true,true,true,,
4030558168,http://farm3.staticflickr.com/2629/4030558168_5786f207c5.jpg,true,false,false,,
2664915250,http://farm4.staticflickr.com/3019/2664915250_c66c6f7b43.jpg,true,false,false,,
4774272885,http://farm5.staticflickr.com/4075/4774272885_207d24fdee.jpg,true,false,false,,
2794784127,http://farm4.staticflickr.com/3223/2794784127_f77c8ab3df.jpg,true,true,true,,
6789438275,http://farm8.staticflickr.com/7148/6789438275_bc07575c7a.jpg,false,false,false,,
5804005919,http://farm3.staticflickr.com/2226/5804005919_4330088635.jpg,false,false,false,,
6483920277,http://farm8.staticflickr.com/7144/6483920277_f79ea8cc86.jpg,false,false,false,,
6028852406,http://farm7.staticflickr.com/6200/6028852406_a9fac022a4.jpg,true,false,false,,
4131842487,http://farm3.staticflickr.com/2693/4131842487_60d8b41461.jpg,true,false,false,,
5813214604,http://farm4.staticflickr.com/3422/5813214604_98ac5dfe30.jpg,true,false,false,,
5573931980,http://farm6.staticflickr.com/5105/5573931980_30ab9441d1.jpg,true,false,false,,
2458605948,http://farm4.staticflickr.com/3039/2458605948_76de02fd1f.jpg,true,false,false,,
5194090081,http://farm5.staticflickr.com/4149/5194090081_228040bc97.jpg,false,false,false,,
1234125430,http://farm2.staticflickr.com/1439/1234125430_36253ef6d7.jpg,false,false,false,,
4393966109,http://farm5.staticflickr.com/4015/4393966109_b048689fda.jpg,true,true,true,,
2058150231,http://farm3.staticflickr.com/2294/2058150231_22306d7217.jpg,false,false,false,,
6156149010,http://farm7.staticflickr.com/6184/6156149010_972d2eabe1.jpg,true,false,false,,
4845244209,http://farm5.staticflickr.com/4132/4845244209_91392eee06.jpg,false,false,false,,
5773191143,http://farm3.staticflickr.com/2170/5773191143_2ba7baa44f.jpg,true,false,false,,
431909441,http://farm1.staticflickr.com/164/431909441_628fe56e54.jpg,true,false,false,,
2806677685,http://farm4.staticflickr.com/3200/2806677685_273298daba.jpg,true,false,false,,
5919280943,http://farm7.staticflickr.com/6130/5919280943_05f6656f6d.jpg,true,false,false,,
3376178883,http://farm4.staticflickr.com/3568/3376178883_316a7a0804.jpg,false,false,false,,
